{
  "name": "stock-analyzer-desktop",
  "version": "1.0.0",
  "description": "东方财富股票人气分析桌面版",
  "main": "public/electron.js",
  "scripts": {
    "dev": "next dev",
    "build": "next build",
    "start": "next start",
    "electron": "electron .",
    "dist": "electron-builder --publish=never"
  },
  "dependencies": {
    "next": "13.5.6",
    "react": "18.2.0",
    "react-dom": "18.2.0",
    "electron-is-dev": "2.0.0"
  },
  "devDependencies": {
    "electron": "25.9.0",
    "electron-builder": "24.6.4",
    "@types/node": "20.8.0",
    "typescript": "5.2.2"
  },
  "build": {
    "appId": "com.stockanalyzer.desktop",
    "productName": "股票人气分析器",
    "directories": {
      "output": "dist"
    },
    "files": [".next/**/*", "public/**/*", "package.json"],
    "win": {
      "target": "nsis",
      "icon": "public/icon.ico"
    }
  }
}
